Model,Correlation,R2,RMSE,Accuracy,Topsis Score,Rank
M1,0.79,0.62,1.25,60.89,0.7722097345612788,2
M2,0.66,0.44,2.89,63.07,0.22559875426413367,5
M3,0.56,0.31,1.57,62.87,0.43889731728018605,4
M4,0.82,0.67,2.68,70.19,0.5238778712729114,3
M5,0.75,0.56,1.3,80.39,0.8113887082429979,1
